{
    "overall_accuracy": 0.5930555555555556,
    "subject_wise_accuracy": {
        "S043": 0.6444444444444445,
        "S044": 0.6222222222222222,
        "S045": 0.6666666666666666,
        "S046": 0.5666666666666667,
        "S047": 0.3,
        "S048": 0.6111111111111112,
        "S049": 0.6333333333333333,
        "S050": 0.7
    }
}