{
    "experiment": "20_subjects",
    "train_subjects": [
        "S001",
        "S002",
        "S003",
        "S004",
        "S005",
        "S006",
        "S007",
        "S008",
        "S009",
        "S010",
        "S011",
        "S012",
        "S013",
        "S014",
        "S015",
        "S016",
        "S017"
    ],
    "test_subjects": [
        "S018",
        "S019",
        "S020"
    ],
    "overall_accuracy": 0.5,
    "subject_accuracies": {
        "S018": 0.4666666666666667,
        "S019": 0.4666666666666667,
        "S020": 0.5666666666666667
    },
    "confusion_matrix": [
        [
            101,
            20,
            14
        ],
        [
            39,
            17,
            12
        ],
        [
            34,
            16,
            17
        ]
    ],
    "classification_report": {
        "0": {
            "precision": 0.5804597701149425,
            "recall": 0.7481481481481481,
            "f1-score": 0.6537216828478964,
            "support": 135.0
        },
        "1": {
            "precision": 0.32075471698113206,
            "recall": 0.25,
            "f1-score": 0.2809917355371901,
            "support": 68.0
        },
        "2": {
            "precision": 0.3953488372093023,
            "recall": 0.2537313432835821,
            "f1-score": 0.3090909090909091,
            "support": 67.0
        },
        "accuracy": 0.5,
        "macro avg": {
            "precision": 0.432187774768459,
            "recall": 0.41729316381057674,
            "f1-score": 0.41460144249199854,
            "support": 270.0
        },
        "weighted avg": {
            "precision": 0.46911763634539805,
            "recall": 0.5,
            "f1-score": 0.47432946707439205,
            "support": 270.0
        }
    }
}