{
    "experiment": "50_subjects",
    "train_subjects": [
        "S001",
        "S002",
        "S003",
        "S004",
        "S005",
        "S006",
        "S007",
        "S008",
        "S009",
        "S010",
        "S011",
        "S012",
        "S013",
        "S014",
        "S015",
        "S016",
        "S017",
        "S018",
        "S019",
        "S020",
        "S021",
        "S022",
        "S023",
        "S024",
        "S025",
        "S026",
        "S027",
        "S028",
        "S029",
        "S030",
        "S031",
        "S032",
        "S033",
        "S034",
        "S035",
        "S036",
        "S037",
        "S038",
        "S039",
        "S040",
        "S041",
        "S042"
    ],
    "test_subjects": [
        "S043",
        "S044",
        "S045",
        "S046",
        "S047",
        "S048",
        "S049",
        "S050"
    ],
    "overall_accuracy": 0.5569444444444445,
    "subject_accuracies": {
        "S043": 0.6333333333333333,
        "S044": 0.5333333333333333,
        "S045": 0.5222222222222223,
        "S046": 0.6,
        "S047": 0.45555555555555555,
        "S048": 0.6333333333333333,
        "S049": 0.5888888888888889,
        "S050": 0.4888888888888889
    },
    "confusion_matrix": [
        [
            294,
            30,
            36
        ],
        [
            104,
            53,
            26
        ],
        [
            91,
            32,
            54
        ]
    ],
    "classification_report": {
        "0": {
            "precision": 0.6012269938650306,
            "recall": 0.8166666666666667,
            "f1-score": 0.6925795053003534,
            "support": 360.0
        },
        "1": {
            "precision": 0.4608695652173913,
            "recall": 0.2896174863387978,
            "f1-score": 0.35570469798657717,
            "support": 183.0
        },
        "2": {
            "precision": 0.46551724137931033,
            "recall": 0.3050847457627119,
            "f1-score": 0.36860068259385664,
            "support": 177.0
        },
        "accuracy": 0.5569444444444445,
        "macro avg": {
            "precision": 0.5092046001539108,
            "recall": 0.4704562995893921,
            "f1-score": 0.4722949619602624,
            "support": 720.0
        },
        "weighted avg": {
            "precision": 0.5321908332643493,
            "recall": 0.5569444444444445,
            "f1-score": 0.5273123645260881,
            "support": 720.0
        }
    }
}