{
    "experiment": "10_subjects",
    "train_subjects": [
        "S001",
        "S002",
        "S003",
        "S004",
        "S005",
        "S006",
        "S007",
        "S008"
    ],
    "test_subjects": [
        "S009",
        "S010"
    ],
    "overall_accuracy": 0.4222222222222222,
    "subject_accuracies": {
        "S009": 0.3333333333333333,
        "S010": 0.5111111111111111
    },
    "confusion_matrix": [
        [
            51,
            24,
            15
        ],
        [
            24,
            15,
            9
        ],
        [
            22,
            10,
            10
        ]
    ],
    "classification_report": {
        "0": {
            "precision": 0.5257731958762887,
            "recall": 0.5666666666666667,
            "f1-score": 0.5454545454545454,
            "support": 90.0
        },
        "1": {
            "precision": 0.30612244897959184,
            "recall": 0.3125,
            "f1-score": 0.30927835051546393,
            "support": 48.0
        },
        "2": {
            "precision": 0.29411764705882354,
            "recall": 0.23809523809523808,
            "f1-score": 0.2631578947368421,
            "support": 42.0
        },
        "accuracy": 0.4222222222222222,
        "macro avg": {
            "precision": 0.37533776397156804,
            "recall": 0.37242063492063493,
            "f1-score": 0.37263026356895046,
            "support": 180.0
        },
        "weighted avg": {
            "precision": 0.413146701979761,
            "recall": 0.4222222222222222,
            "f1-score": 0.41660500830332625,
            "support": 180.0
        }
    }
}