{
    "experiment": "109_subjects",
    "train_subjects": [
        "S001",
        "S002",
        "S003",
        "S004",
        "S005",
        "S006",
        "S007",
        "S008",
        "S009",
        "S010",
        "S011",
        "S012",
        "S013",
        "S014",
        "S015",
        "S016",
        "S017",
        "S018",
        "S019",
        "S020",
        "S021",
        "S022",
        "S023",
        "S024",
        "S025",
        "S026",
        "S027",
        "S028",
        "S029",
        "S030",
        "S031",
        "S032",
        "S033",
        "S034",
        "S035",
        "S036",
        "S037",
        "S038",
        "S039",
        "S040",
        "S041",
        "S042",
        "S043",
        "S044",
        "S045",
        "S046",
        "S047",
        "S048",
        "S049",
        "S050",
        "S051",
        "S052",
        "S053",
        "S054",
        "S055",
        "S056",
        "S057",
        "S058",
        "S059",
        "S060",
        "S061",
        "S062",
        "S063",
        "S064",
        "S065",
        "S066",
        "S067",
        "S068",
        "S069",
        "S070",
        "S071",
        "S072",
        "S073",
        "S074",
        "S075",
        "S076",
        "S077",
        "S078",
        "S079",
        "S080",
        "S081",
        "S082",
        "S083",
        "S084",
        "S085",
        "S086",
        "S087",
        "S088",
        "S089",
        "S090",
        "S091",
        "S092"
    ],
    "test_subjects": [
        "S093",
        "S094",
        "S095",
        "S096",
        "S097",
        "S098",
        "S099",
        "S100",
        "S101",
        "S102",
        "S103",
        "S104",
        "S105",
        "S106",
        "S107",
        "S108",
        "S109"
    ],
    "overall_accuracy": 0.5120481927710844,
    "subject_accuracies": {
        "S093": 0.5777777777777777,
        "S094": 0.6555555555555556,
        "S095": 0.43333333333333335,
        "S096": 0.4444444444444444,
        "S097": 0.5,
        "S098": 0.5333333333333333,
        "S099": 0.4888888888888889,
        "S100": 0.3888888888888889,
        "S101": 0.4666666666666667,
        "S102": 0.6444444444444445,
        "S103": 0.4777777777777778,
        "S104": 0.5348837209302325,
        "S105": 0.6,
        "S106": 0.5777777777777777,
        "S107": 0.4888888888888889,
        "S108": 0.40789473684210525,
        "S109": 0.4444444444444444
    },
    "confusion_matrix": [
        [
            618,
            67,
            63
        ],
        [
            253,
            78,
            46
        ],
        [
            249,
            51,
            69
        ]
    ],
    "classification_report": {
        "0": {
            "precision": 0.5517857142857143,
            "recall": 0.8262032085561497,
            "f1-score": 0.6616702355460385,
            "support": 748.0
        },
        "1": {
            "precision": 0.3979591836734694,
            "recall": 0.20689655172413793,
            "f1-score": 0.27225130890052357,
            "support": 377.0
        },
        "2": {
            "precision": 0.38764044943820225,
            "recall": 0.18699186991869918,
            "f1-score": 0.2522851919561243,
            "support": 369.0
        },
        "accuracy": 0.5120481927710844,
        "macro avg": {
            "precision": 0.44579511579912867,
            "recall": 0.4066972100663289,
            "f1-score": 0.3954022454675621,
            "support": 1494.0
        },
        "weighted avg": {
            "precision": 0.47242680881747584,
            "recall": 0.5120481927710844,
            "f1-score": 0.4622900371323588,
            "support": 1494.0
        }
    }
}