{
    "overall_accuracy": 0.6230661040787623,
    "subject_wise_accuracy": {
        "S093": 0.6222222222222222,
        "S094": 0.8,
        "S095": 0.6555555555555556,
        "S096": 0.6666666666666666,
        "S097": 0.6888888888888889,
        "S098": 0.5111111111111111,
        "S099": 0.5333333333333333,
        "S101": 0.7666666666666667,
        "S102": 0.6555555555555556,
        "S103": 0.7333333333333333,
        "S104": 0.686046511627907,
        "S105": 0.5888888888888889,
        "S106": 0.6666666666666666,
        "S107": 0.5444444444444444,
        "S108": 0.6052631578947368,
        "S109": 0.24444444444444444
    }
}