{
    "S043": 0.6,
    "S044": 0.6444444444444445,
    "S045": 0.7222222222222222,
    "S046": 0.5555555555555556,
    "S047": 0.5888888888888889,
    "S048": 0.6222222222222222,
    "S049": 0.7555555555555555,
    "S050": 0.6
}