{
    "train_accuracy": 0.5033112582781457,
    "test_accuracy": 0.48055555555555557,
    "balanced_accuracy": 0.3376020087884495,
    "subject_accuracy": {
        "S043": 0.5,
        "S044": 0.5,
        "S045": 0.5,
        "S046": 0.5,
        "S047": 0.3888888888888889,
        "S048": 0.5,
        "S049": 0.5,
        "S050": 0.45555555555555555
    }
}