{
    "overall_accuracy": 0.6188466947960619,
    "subject_wise_accuracy": {
        "S093": 0.6111111111111112,
        "S094": 0.8555555555555555,
        "S095": 0.6,
        "S096": 0.5444444444444444,
        "S097": 0.6777777777777778,
        "S098": 0.6888888888888889,
        "S099": 0.43333333333333335,
        "S101": 0.7,
        "S102": 0.7,
        "S103": 0.7111111111111111,
        "S104": 0.7325581395348837,
        "S105": 0.7,
        "S106": 0.6555555555555556,
        "S107": 0.4222222222222222,
        "S108": 0.618421052631579,
        "S109": 0.25555555555555554
    }
}