{
    "train_accuracy": 0.5032679738562091,
    "test_accuracy": 0.5037037037037037,
    "balanced_accuracy": 0.338235294117647,
    "subject_accuracy": {
        "S018": 0.5,
        "S019": 0.5,
        "S020": 0.5111111111111111
    }
}