{
    "overall_accuracy": 0.4666666666666667,
    "subject_wise_accuracy": {
        "S018": 0.5111111111111111,
        "S019": 0.5444444444444444,
        "S020": 0.34444444444444444
    }
}