{
    "train_accuracy": 0.5680555555555555,
    "test_accuracy": 0.5,
    "balanced_accuracy": 0.3333333333333333,
    "subject_accuracy": {
        "S009": 0.5,
        "S010": 0.5
    }
}