{
    "overall_accuracy": 0.5777777777777777,
    "subject_wise_accuracy": {
        "S009": 0.5555555555555556,
        "S010": 0.6
    }
}