{
    "overall_accuracy": 0.4666666666666667,
    "subject_wise_accuracy": {
        "S009": 0.4888888888888889,
        "S010": 0.4444444444444444
    }
}