{
    "overall_accuracy": 0.6805555555555556,
    "subject_wise_accuracy": {
        "S043": 0.7222222222222222,
        "S044": 0.7555555555555555,
        "S045": 0.7777777777777778,
        "S046": 0.6555555555555556,
        "S047": 0.4111111111111111,
        "S048": 0.7,
        "S049": 0.6777777777777778,
        "S050": 0.7444444444444445
    }
}