{
    "overall_accuracy": 0.5111111111111111,
    "subject_wise_accuracy": {
        "S018": 0.5333333333333333,
        "S019": 0.5111111111111111,
        "S020": 0.4888888888888889
    }
}